Spearman,Pearson,Score,Study
0.6493785338868229,0.6234314389183598,1.2728099728051827,True
0.7313095834659141,0.7086244776126511,1.4399340610785654,True
0.6728485475386916,0.6595997207286572,1.3324482682673489,True
0.8098285862017292,0.7909816005838047,1.6008101867855338,True
0.6027254448924095,0.6135805515591944,1.216305996451604,True
